{
    "controller": {
        "mq": 0.33,
        "g": 9.81,
        "kp": 9.75,
        "kv": 3.6,
        "kr": 120,
        "hr": 30,
        "use_polyval": false,
        "p1": [-1.11674940231383e-06, 0.00216553259709083, -0.0276877882890898],
        "p2": [0.000413683067484175, 0.932875787982657, 0],
        "p3": [0.000343767264533347,1.05504806357145,0],
        "p4": [0.000770252131194202,0.866138866957217,0]
    },
    "observer": {
        "noise_std": 0.2,
        "mode": 1
    },
    "traj_gen": {
        "speed": 2.0,
        "mode": 0
    }
}
